{
  "activateSkinCapeForUserVersion": false,
  "additionalFiles": [
    {
      "sha1": "52e1b15676c03b5e1b769f5bd7d89426e9807c89",
      "size": 9349972,
      "path": "libraries/net/minecraft/client/1.18.2-20220404.173914/client-1.18.2-20220404.173914-extra.jar",
      "url": "http://res.tlauncher.org/unb/libraries/cache/net/minecraft/client/1.18.2-20220404.173914/client-1.18.2-20220404.173914-extra.jar"
    },
    {
      "sha1": "a661c6a55a0600bd391bdbbd6827654c05b2109c",
      "size": 6716693,
      "path": "libraries/net/minecraft/client/1.18.2-20220404.173914/client-1.18.2-20220404.173914-mappings.txt",
      "url": "http://res.tlauncher.org/unb/libraries/cache/net/minecraft/client/1.18.2-20220404.173914/client-1.18.2-20220404.173914-mappings.txt"
    },
    {
      "sha1": "2b8907919c1d51fda0b2ace0eba8a8b73855198f",
      "size": 10909711,
      "path": "libraries/net/minecraft/client/1.18.2-20220404.173914/client-1.18.2-20220404.173914-slim.jar",
      "url": "http://res.tlauncher.org/unb/libraries/cache/net/minecraft/client/1.18.2-20220404.173914/client-1.18.2-20220404.173914-slim.jar"
    },
    {
      "sha1": "c649df7e8dfbff5b8e571f5a37a0cb755119eb77",
      "size": 16166247,
      "path": "libraries/net/minecraft/client/1.18.2-20220404.173914/client-1.18.2-20220404.173914-srg.jar",
      "url": "http://res.tlauncher.org/unb/libraries/cache/net/minecraft/client/1.18.2-20220404.173914/client-1.18.2-20220404.173914-srg.jar"
    },
    {
      "sha1": "1ece8989ea1c4961ac87495b023cdefc92cb6db0",
      "size": 5146032,
      "path": "libraries/net/minecraftforge/forge/1.18.2-40.1.0/forge-1.18.2-40.1.0-client.jar",
      "url": "http://res.tlauncher.org/unb/libraries/cache/net/minecraftforge/forge/1.18.2-40.1.0/forge-1.18.2-40.1.0-client.jar"
    },
    {
      "sha1": "cd4c9ab2c6cf94b1b8ee6eec775a4e94bf0e572c",
      "size": 2419381,
      "path": "libraries/net/minecraftforge/forge/1.18.2-40.1.0/forge-1.18.2-40.1.0-universal.jar",
      "url": "http://res.tlauncher.org/unb/libraries/cache/net/minecraftforge/forge/1.18.2-40.1.0/forge-1.18.2-40.1.0-universal.jar"
    },
    {
      "sha1": "a3b235ea2d03cdad9562765baf0b995728e7e35c",
      "size": 109649,
      "path": "libraries/net/minecraftforge/fmlcore/1.18.2-40.1.0/fmlcore-1.18.2-40.1.0.jar",
      "url": "http://res.tlauncher.org/unb/libraries/cache/net/minecraftforge/fmlcore/1.18.2-40.1.0/fmlcore-1.18.2-40.1.0.jar"
    },
    {
      "sha1": "fb3933cc7e1adef6d2c8ae599693d4577f0494e0",
      "size": 16290,
      "path": "libraries/net/minecraftforge/javafmllanguage/1.18.2-40.1.0/javafmllanguage-1.18.2-40.1.0.jar",
      "url": "http://res.tlauncher.org/unb/libraries/cache/net/minecraftforge/javafmllanguage/1.18.2-40.1.0/javafmllanguage-1.18.2-40.1.0.jar"
    },
    {
      "sha1": "cc24ae9166f9f53ce82ea7e8c3ad46901526993f",
      "size": 4982,
      "path": "libraries/net/minecraftforge/mclanguage/1.18.2-40.1.0/mclanguage-1.18.2-40.1.0.jar",
      "url": "http://res.tlauncher.org/unb/libraries/cache/net/minecraftforge/mclanguage/1.18.2-40.1.0/mclanguage-1.18.2-40.1.0.jar"
    }
  ],
  "tlauncherVersion": 0,
  "modpack": {
    "modpackMemory": false,
    "memory": 0,
    "id": -425841898028400,
    "name": "Etonezavod",
    "version": {
      "mods": [
        {
          "stateGameElement": "active",
          "id": 10000020,
          "name": "TL skin and cape",
          "version": {
            "id": 11001986,
            "name": "1.22",
            "metadata": {
              "sha1": "6715eb1da16028042609d2f8fb03d637ce4dc546",
              "size": 536720,
              "path": "mods/tl_skin_cape_forge_1.18_1.18.2-1.25.jar",
              "url": "/mods/10000020/11001986/tl_skin_cape_forge_1.18_1.18.2-1.25.jar"
            }
          },
          "userInstall": false,
          "populateStatus": false
        },
        {
          "stateGameElement": "active",
          "id": 9999999,
          "name": "OptiFine",
          "version": {
            "id": 11001989,
            "name": "1.18.2_HD_U_H7",
            "metadata": {
              "sha1": "70b3d94e29ca4270881eb8dadba87c0c0ba48d93",
              "size": 6115048,
              "path": "mods/OptiFine-1.18.2_HD_U_H7.jar",
              "url": "/mods/9999999/11001989/OptiFine-1.18.2_HD_U_H7.jar"
            }
          },
          "userInstall": false,
          "populateStatus": false
        },
        {
          "stateGameElement": "active",
          "id": 238222,
          "name": "Just Enough Items (JEI)",
          "version": {
            "id": 3879045,
            "name": "jei-1.18.2-9.7.0.224",
            "metadata": {
              "sha1": "7c09102c5c01e05490e6a81558d41b99ed414acd",
              "size": 993528,
              "path": "mods/jei-1.18.2-9.7.0.224.jar",
              "url": "/mods/238222/3879045/jei-1.18.2-9.7.0.224.jar"
            }
          },
          "userInstall": false,
          "populateStatus": false
        },
        {
          "stateGameElement": "active",
          "id": 486392,
          "name": "Flywheel",
          "version": {
            "id": 3871082,
            "name": "flywheel-forge-1.18-0.6.4",
            "metadata": {
              "sha1": "217950cfa3f4f5a148021c79569d2ce251b77524",
              "size": 1286923,
              "path": "mods/flywheel-forge-1.18-0.6.4.jar",
              "url": "/mods/486392/3871082/flywheel-forge-1.18-0.6.4.jar"
            }
          },
          "userInstall": false,
          "populateStatus": false
        },
        {
          "stateGameElement": "active",
          "id": 328085,
          "name": "Create",
          "version": {
            "id": 3872145,
            "name": "1.18.2 v0.5.0c",
            "metadata": {
              "sha1": "4b01df584e77401ae0b781a8ee03eede5ab31e84",
              "size": 14509736,
              "path": "mods/create-mc1.18.2_v0.5.0c.jar",
              "url": "/mods/328085/3872145/create-mc1.18.2_v0.5.0c.jar"
            }
          },
          "userInstall": false,
          "populateStatus": false,
          "dependencies": [
            {
              "gameType": "mod",
              "id": 238222,
              "dependencyType": "optional"
            },
            {
              "gameType": "mod",
              "id": 486392,
              "dependencyType": "required"
            }
          ]
        },
        {
          "stateGameElement": "active",
          "id": 398521,
          "name": "Farmer's Delight",
          "version": {
            "id": 3834150,
            "name": "1.1.2 - 1.18.2",
            "metadata": {
              "sha1": "353ecdbdb0de5ff2829aadeca608f872fd6c101c",
              "size": 2579873,
              "path": "mods/FarmersDelight-1.18.2-1.1.2.jar",
              "url": "/mods/398521/3834150/FarmersDelight-1.18.2-1.1.2.jar"
            }
          },
          "userInstall": false,
          "populateStatus": false
        }
      ],
      "resourcePacks": [],
      "maps": [],
      "shaderpacks": [],
      "forgeVersion": "40.1.0",
      "gameVersion": "1.18.2",
      "id": -425841898038301,
      "name": "1.0"
    },
    "userInstall": false,
    "populateStatus": false
  },
  "source": "local_version_repo",
  "jar": "1.18.2",
  "skinVersion": true
}